-- ================================================================
-- IA-RESTAURANT — MIGRACIÓN 002: DATOS SEMILLA COMPLETOS
-- Ejecutar después de 001_initial_schema.sql
-- IDs fijos en formato UUID (requerido por el esquema)
-- ================================================================

-- UUIDs demo (referencia)
-- Tenant:     00000000-0000-0000-0000-000000000001
-- Sucursal 1: 00000000-0000-0000-0000-000000000002
-- Sucursal 2: 00000000-0000-0000-0000-000000000004
-- Categorías: ...000101 – ...000106
-- Productos:  ...000201 – ...000214
-- Áreas:      ...000301 – ...000302
-- Mesas:      ...000401 – ...000414

-- Actualizar tenant demo
UPDATE tenants SET name = 'IA-RESTAURANT', slug = 'ia-restaurant'
WHERE id = '00000000-0000-0000-0000-000000000001';

-- Sucursal principal
INSERT INTO sucursales (id, tenant_id, organization_id, name, address, phone, timezone, currency, tax_rate)
VALUES (
  '00000000-0000-0000-0000-000000000002',
  '00000000-0000-0000-0000-000000000001',
  (SELECT id FROM organizations WHERE tenant_id = '00000000-0000-0000-0000-000000000001' LIMIT 1),
  'Sucursal Centro',
  'Av. Reforma 123, CDMX',
  '+52 55 1234 5678',
  'America/Mexico_City',
  'MXN',
  16.00
) ON CONFLICT (id) DO NOTHING;

-- Sucursal secundaria
INSERT INTO sucursales (id, tenant_id, organization_id, name, address, phone)
VALUES (
  '00000000-0000-0000-0000-000000000004',
  '00000000-0000-0000-0000-000000000001',
  (SELECT id FROM organizations WHERE tenant_id = '00000000-0000-0000-0000-000000000001' LIMIT 1),
  'Sucursal Polanco',
  'Av. Presidente Masaryk 200, CDMX',
  '+52 55 8765 4321'
) ON CONFLICT (id) DO NOTHING;

-- Categorías
INSERT INTO categories (id, tenant_id, sucursal_id, name, sort_order) VALUES
  ('00000000-0000-0000-0000-000000000101', '00000000-0000-0000-0000-000000000001', '00000000-0000-0000-0000-000000000002', 'Tacos', 1),
  ('00000000-0000-0000-0000-000000000102', '00000000-0000-0000-0000-000000000001', '00000000-0000-0000-0000-000000000002', 'Platillos', 2),
  ('00000000-0000-0000-0000-000000000103', '00000000-0000-0000-0000-000000000001', '00000000-0000-0000-0000-000000000002', 'Entradas', 3),
  ('00000000-0000-0000-0000-000000000104', '00000000-0000-0000-0000-000000000001', '00000000-0000-0000-0000-000000000002', 'Bebidas', 4),
  ('00000000-0000-0000-0000-000000000105', '00000000-0000-0000-0000-000000000001', '00000000-0000-0000-0000-000000000002', 'Cocteles', 5),
  ('00000000-0000-0000-0000-000000000106', '00000000-0000-0000-0000-000000000001', '00000000-0000-0000-0000-000000000002', 'Postres', 6)
ON CONFLICT (id) DO NOTHING;

-- Productos
INSERT INTO products (id, tenant_id, sucursal_id, category_id, name, price, cost, is_active) VALUES
  ('00000000-0000-0000-0000-000000000201', '00000000-0000-0000-0000-000000000001', '00000000-0000-0000-0000-000000000002', '00000000-0000-0000-0000-000000000101', 'Tacos de Pastor', 65, 22, true),
  ('00000000-0000-0000-0000-000000000202', '00000000-0000-0000-0000-000000000001', '00000000-0000-0000-0000-000000000002', '00000000-0000-0000-0000-000000000101', 'Tacos de Bistec', 70, 28, true),
  ('00000000-0000-0000-0000-000000000203', '00000000-0000-0000-0000-000000000001', '00000000-0000-0000-0000-000000000002', '00000000-0000-0000-0000-000000000102', 'Enchiladas Verdes', 80, 30, true),
  ('00000000-0000-0000-0000-000000000204', '00000000-0000-0000-0000-000000000001', '00000000-0000-0000-0000-000000000002', '00000000-0000-0000-0000-000000000102', 'Pozole Rojo', 95, 38, true),
  ('00000000-0000-0000-0000-000000000205', '00000000-0000-0000-0000-000000000001', '00000000-0000-0000-0000-000000000002', '00000000-0000-0000-0000-000000000103', 'Guacamole', 55, 18, true),
  ('00000000-0000-0000-0000-000000000206', '00000000-0000-0000-0000-000000000001', '00000000-0000-0000-0000-000000000002', '00000000-0000-0000-0000-000000000104', 'Agua de Jamaica', 25, 6, true),
  ('00000000-0000-0000-0000-000000000207', '00000000-0000-0000-0000-000000000001', '00000000-0000-0000-0000-000000000002', '00000000-0000-0000-0000-000000000105', 'Margarita Clásica', 85, 30, true),
  ('00000000-0000-0000-0000-000000000214', '00000000-0000-0000-0000-000000000001', '00000000-0000-0000-0000-000000000002', '00000000-0000-0000-0000-000000000106', 'Churros', 50, 14, false)
ON CONFLICT (id) DO NOTHING;

-- Áreas
INSERT INTO table_areas (id, tenant_id, sucursal_id, name, color, sort_order) VALUES
  ('00000000-0000-0000-0000-000000000301', '00000000-0000-0000-0000-000000000001', '00000000-0000-0000-0000-000000000002', 'Salón Principal', '#f59000', 1),
  ('00000000-0000-0000-0000-000000000302', '00000000-0000-0000-0000-000000000001', '00000000-0000-0000-0000-000000000002', 'Terraza', '#16213e', 2)
ON CONFLICT (id) DO NOTHING;

-- Mesas (14 mesas demo)
INSERT INTO tables (id, tenant_id, sucursal_id, area_id, number, capacity, status) VALUES
  ('00000000-0000-0000-0000-000000000401', '00000000-0000-0000-0000-000000000001', '00000000-0000-0000-0000-000000000002', '00000000-0000-0000-0000-000000000301', 1, 6, 'libre'),
  ('00000000-0000-0000-0000-000000000402', '00000000-0000-0000-0000-000000000001', '00000000-0000-0000-0000-000000000002', '00000000-0000-0000-0000-000000000301', 2, 4, 'ocupada'),
  ('00000000-0000-0000-0000-000000000403', '00000000-0000-0000-0000-000000000001', '00000000-0000-0000-0000-000000000002', '00000000-0000-0000-0000-000000000301', 3, 4, 'ocupada'),
  ('00000000-0000-0000-0000-000000000404', '00000000-0000-0000-0000-000000000001', '00000000-0000-0000-0000-000000000002', '00000000-0000-0000-0000-000000000301', 4, 4, 'reservada'),
  ('00000000-0000-0000-0000-000000000405', '00000000-0000-0000-0000-000000000001', '00000000-0000-0000-0000-000000000002', '00000000-0000-0000-0000-000000000301', 5, 4, 'libre'),
  ('00000000-0000-0000-0000-000000000406', '00000000-0000-0000-0000-000000000001', '00000000-0000-0000-0000-000000000002', '00000000-0000-0000-0000-000000000301', 6, 4, 'cobro_pendiente'),
  ('00000000-0000-0000-0000-000000000407', '00000000-0000-0000-0000-000000000001', '00000000-0000-0000-0000-000000000002', '00000000-0000-0000-0000-000000000301', 7, 4, 'ocupada'),
  ('00000000-0000-0000-0000-000000000408', '00000000-0000-0000-0000-000000000001', '00000000-0000-0000-0000-000000000002', '00000000-0000-0000-0000-000000000301', 8, 4, 'libre'),
  ('00000000-0000-0000-0000-000000000409', '00000000-0000-0000-0000-000000000001', '00000000-0000-0000-0000-000000000002', '00000000-0000-0000-0000-000000000302', 9, 2, 'libre'),
  ('00000000-0000-0000-0000-000000000410', '00000000-0000-0000-0000-000000000001', '00000000-0000-0000-0000-000000000002', '00000000-0000-0000-0000-000000000302', 10, 2, 'ocupada'),
  ('00000000-0000-0000-0000-000000000411', '00000000-0000-0000-0000-000000000001', '00000000-0000-0000-0000-000000000002', '00000000-0000-0000-0000-000000000302', 11, 2, 'libre'),
  ('00000000-0000-0000-0000-000000000412', '00000000-0000-0000-0000-000000000001', '00000000-0000-0000-0000-000000000002', '00000000-0000-0000-0000-000000000302', 12, 2, 'ocupada'),
  ('00000000-0000-0000-0000-000000000413', '00000000-0000-0000-0000-000000000001', '00000000-0000-0000-0000-000000000002', '00000000-0000-0000-0000-000000000302', 13, 2, 'libre'),
  ('00000000-0000-0000-0000-000000000414', '00000000-0000-0000-0000-000000000001', '00000000-0000-0000-0000-000000000002', '00000000-0000-0000-0000-000000000302', 14, 2, 'ocupada')
ON CONFLICT (id) DO NOTHING;
