-- ================================================================
-- IA-RESTAURANT — MIGRACIÓN 009: Datos demo ricos para pruebas
-- Ventas 7 días, pagos, órdenes activas cocina
-- ================================================================

-- Órdenes cobradas (últimos 7 días)
INSERT INTO orders (id, tenant_id, sucursal_id, table_id, folio, status, cashier_id, subtotal, tax, discount, total, guests, created_at, updated_at) VALUES
  ('00000000-0000-0000-0000-000000000701', '00000000-0000-0000-0000-000000000001', '00000000-0000-0000-0000-000000000002', '00000000-0000-0000-0000-000000000401', 'ORD-DEMO-0001', 'cobrada', '7153dca3-5d41-4d37-a003-ed2f7a9dcff3', 420.00, 67.20, 0, 487.20, 4, NOW() - INTERVAL '6 days', NOW() - INTERVAL '6 days'),
  ('00000000-0000-0000-0000-000000000702', '00000000-0000-0000-0000-000000000001', '00000000-0000-0000-0000-000000000002', '00000000-0000-0000-0000-000000000402', 'ORD-DEMO-0002', 'cobrada', '7153dca3-5d41-4d37-a003-ed2f7a9dcff3', 280.00, 44.80, 20, 304.80, 2, NOW() - INTERVAL '5 days', NOW() - INTERVAL '5 days'),
  ('00000000-0000-0000-0000-000000000703', '00000000-0000-0000-0000-000000000001', '00000000-0000-0000-0000-000000000002', '00000000-0000-0000-0000-000000000403', 'ORD-DEMO-0003', 'cobrada', '7153dca3-5d41-4d37-a003-ed2f7a9dcff3', 650.00, 104.00, 0, 754.00, 6, NOW() - INTERVAL '5 days', NOW() - INTERVAL '5 days'),
  ('00000000-0000-0000-0000-000000000704', '00000000-0000-0000-0000-000000000001', '00000000-0000-0000-0000-000000000002', NULL, 'ORD-DEMO-0004', 'cobrada', '7153dca3-5d41-4d37-a003-ed2f7a9dcff3', 155.00, 24.80, 0, 179.80, 1, NOW() - INTERVAL '4 days', NOW() - INTERVAL '4 days'),
  ('00000000-0000-0000-0000-000000000705', '00000000-0000-0000-0000-000000000001', '00000000-0000-0000-0000-000000000002', '00000000-0000-0000-0000-000000000405', 'ORD-DEMO-0005', 'cobrada', '7153dca3-5d41-4d37-a003-ed2f7a9dcff3', 890.00, 142.40, 50, 902.40, 8, NOW() - INTERVAL '3 days', NOW() - INTERVAL '3 days'),
  ('00000000-0000-0000-0000-000000000706', '00000000-0000-0000-0000-000000000001', '00000000-0000-0000-0000-000000000002', '00000000-0000-0000-0000-000000000406', 'ORD-DEMO-0006', 'cobrada', '7153dca3-5d41-4d37-a003-ed2f7a9dcff3', 340.00, 54.40, 0, 394.40, 3, NOW() - INTERVAL '2 days', NOW() - INTERVAL '2 days'),
  ('00000000-0000-0000-0000-000000000707', '00000000-0000-0000-0000-000000000001', '00000000-0000-0000-0000-000000000002', '00000000-0000-0000-0000-000000000407', 'ORD-DEMO-0007', 'cobrada', '7153dca3-5d41-4d37-a003-ed2f7a9dcff3', 520.00, 83.20, 0, 603.20, 4, NOW() - INTERVAL '1 day', NOW() - INTERVAL '1 day'),
  ('00000000-0000-0000-0000-000000000708', '00000000-0000-0000-0000-000000000001', '00000000-0000-0000-0000-000000000002', '00000000-0000-0000-0000-000000000408', 'ORD-DEMO-0008', 'cobrada', '7153dca3-5d41-4d37-a003-ed2f7a9dcff3', 195.00, 31.20, 0, 226.20, 2, NOW() - INTERVAL '1 day', NOW() - INTERVAL '1 day'),
  ('00000000-0000-0000-0000-000000000709', '00000000-0000-0000-0000-000000000001', '00000000-0000-0000-0000-000000000002', '00000000-0000-0000-0000-000000000409', 'ORD-DEMO-0009', 'cobrada', '7153dca3-5d41-4d37-a003-ed2f7a9dcff3', 1240.00, 198.40, 100, 1058.40, 10, NOW() - INTERVAL '12 hours', NOW() - INTERVAL '12 hours'),
  ('00000000-0000-0000-0000-000000000710', '00000000-0000-0000-0000-000000000001', '00000000-0000-0000-0000-000000000002', NULL, 'ORD-DEMO-0010', 'cobrada', '7153dca3-5d41-4d37-a003-ed2f7a9dcff3', 485.00, 77.60, 0, 562.60, 2, NOW() - INTERVAL '3 hours', NOW() - INTERVAL '3 hours'),
  ('00000000-0000-0000-0000-000000000711', '00000000-0000-0000-0000-000000000001', '00000000-0000-0000-0000-000000000002', '00000000-0000-0000-0000-000000000405', 'ORD-DEMO-0011', 'en_preparacion', '7153dca3-5d41-4d37-a003-ed2f7a9dcff3', 418.10, 66.90, 0, 485.00, 4, NOW() - INTERVAL '25 minutes', NOW() - INTERVAL '10 minutes'),
  ('00000000-0000-0000-0000-000000000712', '00000000-0000-0000-0000-000000000001', '00000000-0000-0000-0000-000000000002', '00000000-0000-0000-0000-000000000410', 'ORD-DEMO-0012', 'abierta', '7153dca3-5d41-4d37-a003-ed2f7a9dcff3', 230.00, 36.80, 0, 266.80, 2, NOW() - INTERVAL '8 minutes', NOW() - INTERVAL '8 minutes'),
  ('00000000-0000-0000-0000-000000000713', '00000000-0000-0000-0000-000000000001', '00000000-0000-0000-0000-000000000002', NULL, 'ORD-DEMO-0013', 'lista', '7153dca3-5d41-4d37-a003-ed2f7a9dcff3', 170.00, 27.20, 0, 197.20, 2, NOW() - INTERVAL '18 minutes', NOW() - INTERVAL '2 minutes')
ON CONFLICT (id) DO NOTHING;

INSERT INTO order_items (id, order_id, product_id, product_name, quantity, unit_price, subtotal, status) VALUES
  ('00000000-0000-0000-0000-000000000801', '00000000-0000-0000-0000-000000000701', '00000000-0000-0000-0000-000000000201', 'Tacos de Pastor', 4, 65, 260, 'entregado'),
  ('00000000-0000-0000-0000-000000000802', '00000000-0000-0000-0000-000000000701', '00000000-0000-0000-0000-000000000206', 'Agua de Jamaica', 4, 25, 100, 'entregado'),
  ('00000000-0000-0000-0000-000000000803', '00000000-0000-0000-0000-000000000702', '00000000-0000-0000-0000-000000000203', 'Enchiladas Verdes', 2, 80, 160, 'entregado'),
  ('00000000-0000-0000-0000-000000000804', '00000000-0000-0000-0000-000000000703', '00000000-0000-0000-0000-000000000204', 'Pozole Rojo', 5, 95, 475, 'entregado'),
  ('00000000-0000-0000-0000-000000000805', '00000000-0000-0000-0000-000000000704', '00000000-0000-0000-0000-000000000205', 'Guacamole', 2, 55, 110, 'entregado'),
  ('00000000-0000-0000-0000-000000000806', '00000000-0000-0000-0000-000000000705', '00000000-0000-0000-0000-000000000201', 'Tacos de Pastor', 6, 65, 390, 'entregado'),
  ('00000000-0000-0000-0000-000000000807', '00000000-0000-0000-0000-000000000705', '00000000-0000-0000-0000-000000000207', 'Margarita Clásica', 4, 85, 340, 'entregado'),
  ('00000000-0000-0000-0000-000000000808', '00000000-0000-0000-0000-000000000711', '00000000-0000-0000-0000-000000000201', 'Tacos de Pastor', 3, 65, 195, 'preparando'),
  ('00000000-0000-0000-0000-000000000809', '00000000-0000-0000-0000-000000000711', '00000000-0000-0000-0000-000000000205', 'Guacamole', 1, 55, 55, 'pendiente'),
  ('00000000-0000-0000-0000-000000000810', '00000000-0000-0000-0000-000000000712', '00000000-0000-0000-0000-000000000204', 'Pozole Rojo', 1, 95, 95, 'pendiente'),
  ('00000000-0000-0000-0000-000000000811', '00000000-0000-0000-0000-000000000712', '00000000-0000-0000-0000-000000000203', 'Enchiladas Verdes', 2, 80, 160, 'pendiente'),
  ('00000000-0000-0000-0000-000000000812', '00000000-0000-0000-0000-000000000713', '00000000-0000-0000-0000-000000000207', 'Margarita Clásica', 2, 85, 170, 'listo')
ON CONFLICT (id) DO NOTHING;

INSERT INTO payments (id, order_id, tenant_id, method, amount, change_amount, created_at) VALUES
  ('00000000-0000-0000-0000-000000000901', '00000000-0000-0000-0000-000000000701', '00000000-0000-0000-0000-000000000001', 'efectivo', 487.20, 12.80, NOW() - INTERVAL '6 days'),
  ('00000000-0000-0000-0000-000000000902', '00000000-0000-0000-0000-000000000702', '00000000-0000-0000-0000-000000000001', 'tarjeta', 304.80, 0, NOW() - INTERVAL '5 days'),
  ('00000000-0000-0000-0000-000000000903', '00000000-0000-0000-0000-000000000703', '00000000-0000-0000-0000-000000000001', 'tarjeta', 754.00, 0, NOW() - INTERVAL '5 days'),
  ('00000000-0000-0000-0000-000000000904', '00000000-0000-0000-0000-000000000704', '00000000-0000-0000-0000-000000000001', 'efectivo', 179.80, 20.20, NOW() - INTERVAL '4 days'),
  ('00000000-0000-0000-0000-000000000905', '00000000-0000-0000-0000-000000000705', '00000000-0000-0000-0000-000000000001', 'mixto', 902.40, 0, NOW() - INTERVAL '3 days'),
  ('00000000-0000-0000-0000-000000000906', '00000000-0000-0000-0000-000000000706', '00000000-0000-0000-0000-000000000001', 'efectivo', 394.40, 5.60, NOW() - INTERVAL '2 days'),
  ('00000000-0000-0000-0000-000000000907', '00000000-0000-0000-0000-000000000707', '00000000-0000-0000-0000-000000000001', 'tarjeta', 603.20, 0, NOW() - INTERVAL '1 day'),
  ('00000000-0000-0000-0000-000000000908', '00000000-0000-0000-0000-000000000708', '00000000-0000-0000-0000-000000000001', 'transferencia', 226.20, 0, NOW() - INTERVAL '1 day'),
  ('00000000-0000-0000-0000-000000000909', '00000000-0000-0000-0000-000000000709', '00000000-0000-0000-0000-000000000001', 'tarjeta', 1058.40, 0, NOW() - INTERVAL '12 hours'),
  ('00000000-0000-0000-0000-000000000910', '00000000-0000-0000-0000-000000000710', '00000000-0000-0000-0000-000000000001', 'efectivo', 562.60, 37.40, NOW() - INTERVAL '3 hours')
ON CONFLICT (id) DO NOTHING;
